"act_mean_auc","act_sd_auc","rand_mean_auc","rand_sd_auc","pvalue","study"
0.835625,0.0440018006403825,0.642,0.0497316028620869,4.84598581568943e-73,"lu"
0.879803787878788,0.0151923017947604,0.505949621212121,0.0273268529070949,1.86520463227168e-154,"flemer"
