"study","auc","pvalue","BH"
"flemer","0.670952505903962","0.415275365956349","0.415275365956349"
"lu","0.576470588235294",NA,NA
