"study","full_model","select_model","pvalue","BH"
"flemer",0.935974809761217,0.924429283652585,0.72807768129486,0.72807768129486
"lu",0.452941176470588,0.576470588235294,0.419196225296425,0.72807768129486
