"act_mean_auc","act_sd_auc","rand_mean_auc","rand_sd_auc","pvalue","study"
0.500583333333333,0.224577964960232,0.315416666666667,0.22389012644719,2.12162605671485e-08,"brim"
0.915508333333333,0.0213144431175119,0.607725,0.0309933863460281,1.01819868377006e-141,"zeller"
0.999960724114207,0.000150359323395311,0.49395436876505,0.0147676582483788,4.94904693161937e-154,"baxter"
1,0,0.492367648751957,0.0118297027402897,1.12345870104023e-163,"hale"
