"study","auc","pvalue","BH"
"lu","0.705882352941177","0.226127511836276","0.226127511836276"
"flemer","0.830097087378641",NA,NA
