"act_mean_auc","act_sd_auc","rand_mean_auc","rand_sd_auc","pvalue","study"
0.971,0.0202478331550501,0.53425,0.0616385070840912,3.10004263337686e-97,"lu"
0.68096875,0.0317255442967712,0.449788194444444,0.0418095746235908,6.95283248011357e-100,"sana"
0.906528787878788,0.017399778310346,0.507195454545455,0.0316190507639689,1.32180285024043e-148,"flemer"
