"act_mean_auc","act_sd_auc","rand_mean_auc","rand_sd_auc","pvalue","study"
0.96525,0.0191831286354032,0.553625,0.0561072824726403,8.08430529798286e-100,"lu"
0.666333333333333,0.0308811913092805,0.409909722222222,0.0465973591685688,2.36143457354154e-98,"sana"
0.798103409090909,0.0246015239116709,0.519836363636364,0.0233723632711645,1.71548037245349e-154,"flemer"
