"study","auc","pvalue","BH"
"flemer",0.9472579375492,1,1
"lu",0.531372549019608,8.5645267401402e-05,0.000171290534802804
