"study","full_model","select_model","pvalue","BH"
"brim",0.75,0.583333333333333,0.480565080003847,0.480565080003847
"zeller",0.595945945945946,0.530810810810811,0.463152805756679,0.480565080003847
"baxter",0.530655391120507,0.588310429880197,0.17796284252635,0.455273297891491
"hale",0.533594475509277,0.492012605955227,0.227636648945746,0.455273297891491
