"study","auc","pvalue","BH"
"flemer",0.9472579375492,1,1
"lu",0.531372549019608,8.18533141149221e-05,0.000122779971172383
"sana",0.557017543859649,5.19012586708189e-08,1.55703776012457e-07
