"study","auc","pvalue","BH"
"flemer",0.670952505903962,0.423051542611616,0.846103085223232
"lu",0.576470588235294,1,1
