"study","auc","pvalue","BH"
"zeller","0.528378378378378","0.88254051952471","0.942820823933744"
"baxter","0.513052031947381","0.942820823933744","0.942820823933744"
"hale","0.53157416371935","0.864181375530388","0.942820823933744"
"brim","0.5",NA,NA
