"act_mean_auc","act_sd_auc","rand_mean_auc","rand_sd_auc","pvalue","study"
0.788625,0.0459912911716595,0.65725,0.052650098084266,1.34862769628122e-45,"lu"
0.692726136363636,0.0192231509196707,0.306107954545455,0.021635630210063,6.71596747247586e-194,"flemer"
