rr,ci_lb,ci_ub,pvalue,measure
2.662744712147789,1.0853018522036593,6.532937714677852,0.03245784298300112,one_counts
3.459315208351764,1.381999160195786,8.659094777625247,0.008023921756862956,two_counts
1.4410425548189292,0.10929465238781733,19.000048030076705,0.781273370904907,three_counts
3.4933098989631164,1.0670432343892375,11.436475727413866,0.038714712234400636,four_counts
