"study","auc","pvalue","BH"
"brim",0.5,1,1
"zeller",0.528378378378378,0.881712839884638,1
"baxter",0.513052031947381,0.942662009035313,1
"hale",0.53157416371935,0.861301169232662,1
