"study","auc","pvalue","BH"
"brim",0.513888888888889,0.967230607555009,1
"zeller",0.506216216216216,1,1
"baxter",0.51478447263331,0.906232052213797,1
"hale",0.544214696409871,0.581598223863839,1
