"rr","ci_lb","ci_ub","pvalue","measure"
1.63231008383794,0.650410709396892,4.09654418554958,0.296615637727007,"Fusobacterium"
0.735591694250841,0.401977597825213,1.34608282545661,0.319246795286951,"Peptostreptococcus"
1.25123775753147,0.8005920216163,1.95554774916647,0.325224909099539,"Porphyromonas"
1.75334991929121,0.755754439681525,4.06777092936958,0.19095173186277,"Parvimonas"
1.39043905392557,0.580280109864502,3.33170262053764,0.4597284020422,"all_four"
2.16906165967953,1.20989591696915,3.88862249843569,0.00933109089418683,"total_four"
