"study","full_model","select_model","pvalue","BH"
"flemer",0.935974809761217,0.830097087378641,0.014308458668742,0.028616917337484
"lu",0.452941176470588,0.490196078431373,0.803007063309586,0.803007063309586
