"act_mean_auc","act_sd_auc","rand_mean_auc","rand_sd_auc","pvalue","study"
0.398166666666667,0.184692619333756,0.799444444444444,0.151298994602708,3.94359286615438e-38,"brim"
0.484233333333333,0.0348440650103027,0.447990740740741,0.0264943208894888,6.83293397421511e-14,"zeller"
0.553660939112487,0.00822011910183141,0.564847599663647,0.00851898648980843,8.32925192023841e-17,"baxter"
0.501687585390378,0.00186242966181466,0.499336651085321,0.00142428931317328,1,"hale"
