"study","auc","pvalue","BH"
"brim","0.611111111111111","0.709791908964833","0.709791908964833"
"baxter","0.57440685929058","0.680520415826506","0.709791908964833"
"hale","0.49058999031831","0.391731036362399","0.709791908964833"
"zeller","0.545945945945946",NA,NA
