"study","auc","pvalue","BH"
"brim","0.666666666666667","0.454323141957277","0.964502795685009"
"baxter","0.533856001879258","0.964502795685009","0.964502795685009"
"hale","0.560145027760763","0.653652541636565","0.964502795685009"
"zeller","0.530810810810811",NA,NA
