"study","auc","pvalue","BH"
"lu","0.641176470588235","0.0058516664002942","0.0058516664002942"
"flemer","0.924429283652585",NA,NA
