"study","full_model","select_model","pvalue","BH"
"lu",1,0.777777777777778,0.3003075900558,0.3003075900558
