"study","auc","pvalue","BH"
"flemer",0.558383626344791,0.679223592964234,1
"lu",0.505882352941176,1,1
"sana",0.610446570972887,0.425908808527716,1
