"study","auc","pvalue","BH"
"zeller","0.552702702702703","0.559727439824951","0.559727439824951"
"baxter","0.527807141179234","0.471801610523729","0.559727439824951"
"hale","0.499688802829424","0.390280097334524","0.559727439824951"
"brim","0.666666666666667",NA,NA
