"study","auc","pvalue","BH"
"lu","0.447058823529412","0.0366792017328737","0.0366792017328737"
"flemer","0.686171608501706",NA,NA
