"study","auc","pvalue","BH"
"lu","0.537254901960784","8.16601527438506e-05","8.16601527438506e-05"
"flemer","0.944502755182367",NA,NA
