"rr","ci_lb","ci_ub","pvalue","measure"
2.25231852238776,1.09006284846254,4.65380389162514,0.0283174896321813,"Fusobacterium"
0.822021418024137,0.496098288865948,1.36206720896996,0.446855983486128,"Peptostreptococcus"
1.21126548887813,0.782056047848593,1.87603444610305,0.390529699724934,"Porphyromonas"
1.81728430459149,1.19926223208172,2.75379492105071,0.00485026001095855,"Parvimonas"
