"study","auc","pvalue","BH"
"flemer",0.924429283652585,1,1
"lu",0.641176470588235,0.00701400434634824,0.0140280086926965
