rr,ci_lb,ci_ub,pvalue,measure
1.1207349786393423,0.9161759949328017,1.3709668221964861,0.2676282881501729,one_counts
1.191671290745155,0.9167850091684586,1.5489787147308,0.1899897843959097,two_counts
1.38688782266565,1.048884372672444,1.8338130329442368,0.021742142475547066,three_counts
1.3148178330504965,0.6864698060047547,2.518313142086878,0.40912855079552823,four_counts
