"study","auc","pvalue","BH"
"brim","0.569444444444444","0.961875478195688","0.961875478195688"
"zeller","0.53027027027027","0.49619136711536","0.744287050673039"
"hale","0.537531366698939","0.292153426463799","0.744287050673039"
"baxter","0.578238783180644",NA,NA
