"act_mean_auc","act_sd_auc","rand_mean_auc","rand_sd_auc","pvalue","study"
0.373666666666667,0.172851246194196,0.51775,0.191718463942277,7.86005524824284e-08,"brim"
0.450508333333333,0.0276636278299468,0.505908333333333,0.0106673341278964,2.33008749527029e-38,"zeller"
0.508047093223254,0.01779289172578,0.511321878224974,0.00523743114951775,0.0800934482964467,"baxter"
0.50102950237558,0.00195923522588091,0.491417924495717,0.00144941426121545,3.27963255481569e-91,"hale"
