"rr","ci_lb","ci_ub","pvalue","measure"
1.13687639892447,0.811902084911288,1.59192588669443,0.455156878117003,"Fusobacterium"
1.02432710075934,0.808439780597773,1.29786538778956,0.842232326542553,"Peptostreptococcus"
1.55994057061976,1.06343735656636,2.28825381094618,0.0229298758365426,"Porphyromonas"
1.03228857961863,0.757443957976818,1.40686277894062,0.840552430996619,"Parvimonas"
1.11542534491239,0.942116927545172,1.32061495096454,0.20483681923286,"all_four"
1.02090947333129,0.867399939870472,1.20158660939405,0.803432258350059,"total_four"
