"study","auc","pvalue","BH"
"flemer",0.515087903437418,0.0582465605539635,0.174739681661891
"lu",0.527450980392157,0.217409113613598,0.326113670420398
"sana",0.684210526315789,1,1
