"study","full_model","select_model","pvalue","BH"
"brim",0.75,0.666666666666667,0.731427366811548,0.731427366811548
"zeller",0.595945945945946,0.545945945945946,0.576277990316942,0.731427366811548
"baxter",0.530655391120507,0.486111111111111,0.305297444833871,0.610594889667741
"hale",0.533594475509277,0.497767283792061,0.162933407733214,0.610594889667741
