"study","auc","pvalue","BH"
"brim",0.527777777777778,0.986817748169163,1
"zeller",0.561351351351351,0.65678757165105,1
"baxter",0.513257575757576,0.649619141157636,1
"hale",0.530744304597815,1,1
