"study","full_model","select_model","pvalue","BH"
"flemer",0.944502755182367,0.686171608501706,9.75468318440657e-07,1.95093663688131e-06
"lu",0.452941176470588,0.572549019607843,0.419003867480238,0.419003867480238
