"study","auc","pvalue","BH"
"flemer","0.618866439254789","0.180454786553824","0.180454786553824"
"lu","0.452941176470588",NA,NA
