"study","auc","pvalue","BH"
"brim","0.555555555555555","0.727910437951656","0.727910437951656"
"zeller","0.596756756756757","0.105899333112951","0.317697999338853"
"baxter","0.512229856706601","0.650754796827789","0.727910437951656"
"hale","0.497767283792061",NA,NA
