"study","auc","pvalue","BH"
"flemer","0.638283914982944","0.580321411886387","0.580321411886387"
"lu","0.572549019607843",NA,NA
