"study","auc","pvalue","BH"
"flemer",0.558383626344791,0.676884557531855,1
"lu",0.505882352941176,1,1
