"study","auc","pvalue","BH"
"lu","0.584313725490196","0.000643806682184948","0.000643806682184948"
"flemer","0.935974809761217",NA,NA
