"study","auc","pvalue","BH"
"brim","0.569444444444444","0.668818509855651","0.812446045364944"
"zeller","0.612432432432432","0.0720078194714133","0.21602345841424"
"baxter","0.501115809255344","0.812446045364944","0.812446045364944"
"hale","0.492012605955227",NA,NA
