"study","auc","pvalue","BH"
"flemer","0.567961165048544","0.527047902237537","0.527047902237537"
"lu","0.490196078431373",NA,NA
