"study","auc","pvalue","BH"
"brim","0.5","0.937418375262035","0.937418375262035"
"zeller","0.602702702702703","0.101276373047634","0.303829119142903"
"hale","0.490244215684337","0.895623804809726","0.937418375262035"
"baxter","0.486111111111111",NA,NA
