"study","auc","pvalue","BH"
"flemer","0.618866439254789","0.174394712945784","0.174394712945784"
"lu","0.452941176470588",NA,NA
