"full_model","select_model","pvalue","BH","study","train_model"
0.9472579375492,0.924429283652585,0.458457915179886,0.611277220239848,"flemer","flemer"
0.531372549019608,0.641176470588235,0.440146071428965,0.611277220239848,"lu","flemer"
0.558383626344791,0.670952505903962,0.18117308449918,0.611277220239848,"flemer","lu"
0.505882352941176,0.576470588235294,0.634681135482832,0.634681135482832,"lu","lu"
