"act_mean_auc","act_sd_auc","rand_mean_auc","rand_sd_auc","pvalue","study"
0.367166666666667,0.228824951842798,0.316583333333333,0.233409965169931,0.123333607961458,"brim"
0.542658333333333,0.0355329976974187,0.604616666666667,0.0303277596906917,5.72283229918028e-29,"zeller"
0.555987560199518,0.0164737932276424,0.487691000171999,0.015579036400015,9.56935586428687e-76,"baxter"
0.514458616368856,0.0102708008825687,0.491331179864757,0.0107317295730413,3.39429632373781e-36,"hale"
