"est","lower","upper","pvalue","measure","study"
3.02727272727273,1.62739346889807,5.77954476901444,0.000242977654100307,"Fusobacterium","flemer"
0.860040567951318,0.426881156758796,1.61360913855445,0.659512339083129,"Peptostreptococcus","flemer"
1.20089786756453,0.636786637260913,2.12511287600916,0.563694472795663,"Porphyromonas","flemer"
2.12566844919786,1.22989665878908,3.54330752160182,0.00718348031721638,"Parvimonas","flemer"
1.41666666666667,0.668023380423952,4.03875070631387,0.429195300440349,"Fusobacterium","lu"
0.777777777777778,0.340507716557063,1.50261614735924,0.490152960415825,"Peptostreptococcus","lu"
1.22222222222222,0.655008468857256,2.33983871986467,0.527089256865538,"Porphyromonas","lu"
1.41666666666667,0.601639999569041,2.45516664905137,0.375825087488698,"Parvimonas","lu"
