"optimum_lambdas","pvalues"
0.475,0.887478993346379
1.875,0.665207017287824
3.575,0.0683238840571487
