"study","auc","pvalue","BH"
"wang",0.710986024844721,0.0582283402213147,0.349370041327888
"weir",0.392857142857143,0.407483628393072,0.611225442589607
"ahn",0.583369659982563,0.643370448429968,0.772044538115962
"zeller",0.667073170731707,0.163374446642889,0.490123339928666
"baxter",0.617102713178295,0.354938040659316,0.611225442589607
"hale",0.547693073000871,1,1
