"study","auc","pvalue","BH"
"burns",0.5,0.79171251967668,1
"dejea",0.63905325443787,0.746864242375309,1
"geng",0.578125,1,1
