"study","auc","pvalue","BH"
"burns",1,1,1
"dejea",0.502958579881657,1.76405296730153e-05,5.2921589019046e-05
"geng",0.5625,0.00550771708241469,0.00826157562362203
