"study","auc","pvalue","BH"
"wang",0.686141304347826,0.561987783097037,0.908351112982409
"weir",0.464285714285714,0.22329167501185,0.781520862541475
"ahn",0.690006538796861,0.53701556950973,0.908351112982409
"zeller",0.708780487804878,0.778586668270636,0.908351112982409
"baxter",0.707267441860465,0.712255773180958,0.908351112982409
"hale",0.551237408282552,0.0467966603702176,0.327576622591523
"flemer",0.730986800754243,1,1
