"study","auc","pvalue","BH"
"burns",0.575,0.00167586736172724,0.00251380104259087
"flemer",0.996798182193762,1,1
"chen",0.524691358024691,0.00101571202218895,0.00251380104259087
