"study","auc","pvalue","BH"
"burns",0.783333333333333,1,1
"flemer",0.63927907457137,0.189280071419591,0.252373428559455
"chen",0.382716049382716,0.0198040038514909,0.0396080077029818
"sana",0.464114832535885,0.0106531949943708,0.0396080077029818
