"study","auc","pvalue","BH"
"wang",0.603843167701863,0.895899069237413,1
"weir",0.75,0.338364336567426,1
"ahn",0.60314952048823,0.895360730284473,1
"zeller",0.555365853658537,0.725801644526996,1
"baxter",0.530765503875969,0.479408435801718,1
"hale",0.591095634871285,1,1
"flemer",0.607479572595852,0.875734269575603,1
