"study","auc","pvalue","BH"
"wang",0.707298136645963,0.454654316263522,1
"weir",0.571428571428571,1,1
"ahn",0.602659110723627,0.863792084620417,1
"zeller",0.801951219512195,0.226819938829429,1
"baxter",0.635731589147287,0.715359056074541,1
"hale",0.54271856734237,0.878867855145341,1
"flemer",0.696417347580138,0.514701443339855,1
