"study","auc","pvalue","BH"
"wang",0.911878881987578,1,1
"weir",0.821428571428571,0.508116074773567,0.60973928972828
"ahn",0.594376634699215,8.52300565121096e-09,5.11380339072658e-08
"zeller",0.62609756097561,2.73536366591991e-05,4.10304549887986e-05
"baxter",0.699539728682171,3.9989238627534e-06,7.9978477255068e-06
"hale",0.540853127720433,7.76413883750664e-08,2.32924165125199e-07
