"study","auc","pvalue","BH"
"burns",0.695833333333333,0.817570039869147,1
"flemer",0.683743028299938,0.844483444663128,1
"chen",0.654320987654321,1,1
