"study","auc","pvalue","BH"
"burns",0.875,1,1
"flemer",0.592439578599463,0.00114639811734894,0.00343919435204682
"chen",0.537037037037037,0.0388224056415926,0.0582336084623889
