"study","auc","pvalue","BH"
"burns",0.875,1,1
"flemer",0.592439578599463,0.000835414565176398,0.0016708291303528
"chen",0.537037037037037,0.0353715688681499,0.0471620918241999
"sana",0.502392344497608,0.000342179364045524,0.0013687174561821
