"study","auc","pvalue","BH"
"wang",0.694487577639752,0.287530383583786,0.4025425370173
"weir",0.857142857142857,0.556285281423951,0.64899949499461
"ahn",0.683685701830863,0.144729451038917,0.334040930527365
"zeller",0.774634146341463,1,1
"baxter",0.695494186046512,0.190880531729923,0.334040930527365
"hale",0.578037557517722,0.0123996973223305,0.0867978812563135
"flemer",0.634192331866751,0.0775675562188899,0.271486446766115
