"study","auc","pvalue","BH"
"burns",1,1,1
"dejea",0.692307692307692,0.003385378391534,0.010156135174602
"geng",0.7890625,0.0623862857168202,0.0935794285752303
