"study","auc","pvalue","BH"
"wang",0.800077639751553,1,1
"weir",0.928571428571429,0.164550952976361,0.246826429464541
"ahn",0.629795117698344,0.00723341093757353,0.0217002328127206
"zeller",0.776585365853659,0.731392043778489,0.877670452534187
"baxter",0.708527131782946,0.11584297519422,0.23168595038844
"hale",0.553102847904489,0.00285176776729469,0.0171106066037682
