"study","auc","pvalue","BH"
"wang",0.701086956521739,0.535912298130725,1
"weir",0.785714285714286,0.809354664651741,1
"ahn",0.498092850915432,2.22762700840629e-05,0.000133657620504378
"zeller",0.739024390243902,0.997907554984003,1
"baxter",0.738856589147287,1,1
"hale",0.660489988807362,0.323841131223377,0.971523393670131
