"study","auc","pvalue","BH"
"wang",0.747476708074534,0.113611697466077,0.170417546199115
"weir",0.714285714285714,0.395950337420503,0.475140404904603
"ahn",0.667284219703575,0.00168839510236158,0.00506518530708474
"zeller",0.852682926829268,1,1
"baxter",0.643556201550388,7.58641510350877e-05,0.000455184906210526
"hale",0.620134311652779,0.002788251938935,0.00557650387786999
