"study","auc","pvalue","BH"
"burns",0.683333333333333,0.914950445276374,1
"flemer",0.612683329890518,0.461565107634799,1
"chen",0.722222222222222,0.708788741849829,1
"sana",0.66866028708134,1,1
