"full_model","select_model","pvalue","BH","study","train_model"
0.875,0.516666666666667,0.00659834616974367,0.0296925577638465,"burns","burns"
0.592439578599463,0.724230530882049,0.015749981706701,0.0472499451201029,"flemer","burns"
0.537037037037037,0.654320987654321,0.389091385674498,0.527873337210541,"chen","burns"
0.575,0.683333333333333,0.469220744187147,0.527873337210541,"burns","flemer"
0.996798182193762,0.916287957033671,1.8025582833059e-05,0.000162230245497531,"flemer","flemer"
0.524691358024691,0.691358024691358,0.437895328505837,0.527873337210541,"chen","flemer"
0.695833333333333,0.675,0.883953047049407,0.883953047049407,"burns","chen"
0.683743028299938,0.600547407560421,0.181736783373675,0.408907762590768,"flemer","chen"
0.654320987654321,0.407407407407407,0.288329425919172,0.518992966654509,"chen","chen"
