"study","auc","pvalue","BH"
"wang",0.582492236024845,0.398310706336356,0.545659531577056
"weir",0.75,1,1
"ahn",0.554054054054054,0.309788524544209,0.545659531577056
"zeller",0.606585365853659,0.467708169923191,0.545659531577056
"baxter",0.542320736434108,0.274050794409102,0.545659531577056
"hale",0.580276085064047,0.397327637984784,0.545659531577056
"flemer",0.49654305468259,0.193436120591544,0.545659531577056
