"study","auc","pvalue","BH"
"wang",0.781055900621118,0.10521712681907,0.31565138045721
"weir",0.571428571428571,0.564176078954941,0.853794026025678
"ahn",0.679871403661726,1,1
"zeller",0.787317073170732,0.0835272873434762,0.31565138045721
"baxter",0.708624031007752,0.571731181374611,0.853794026025678
"hale",0.647556274095262,0.711495021688065,0.853794026025678
