"study","auc","pvalue","BH"
"wang",0.610830745341615,0.0952538143320403,0.333388350162141
"weir",0.732142857142857,0.933262960537191,1
"ahn",0.718668265039233,1,1
"zeller",0.72609756097561,0.911084677479524,1
"baxter",0.515818798449612,4.86533316467439e-05,0.000340573321527208
"hale",0.708680512374083,0.910465380324956,1
"flemer",0.759270898805783,0.527628100079802,1
