"study","auc","pvalue","BH"
"burns",0.555555555555556,0.662035841114138,0.993053761671207
"dejea",0.550295857988166,0.452024628117251,0.993053761671207
"geng",0.6875,1,1
