"study","auc","pvalue","BH"
"burns",0.583333333333333,0.0106398415748326,0.0212796831496652
"flemer",0.907353852509812,1,1
"chen",0.716049382716049,0.178660386129009,0.238213848172012
"sana",0.472886762360447,1.08681196973007e-09,4.34724787892028e-09
