"study","auc","pvalue","BH"
"wang",0.601708074534161,0.273405208874763,0.739813798594341
"weir",0.535714285714286,0.422750742053909,0.739813798594341
"ahn",0.680307323452485,0.857226266199898,1
"zeller",0.684878048780488,0.919550800474801,1
"baxter",0.582824612403101,0.104606559272708,0.732245914908959
"hale",0.604464618828504,0.319897426392196,0.739813798594341
"flemer",0.693274670018856,1,1
