"study","auc","pvalue","BH"
"burns",0.666666666666667,0.545153151344338,0.817729727016507
"dejea",0.479289940828402,1,1
"geng",0.671875,0.297883576885624,0.817729727016507
