"study","auc","pvalue","BH"
"burns",0.695833333333333,0.823371035703244,1
"flemer",0.683743028299938,0.843391056315558,1
"chen",0.654320987654321,1,1
"sana",0.712918660287081,0.7112044809649,1
