"study","auc","pvalue","BH"
"burns",0.575,0.00207850694550414,0.00277134259400553
"flemer",0.996798182193762,1,1
"chen",0.524691358024691,0.00115529962660564,0.00231059925321128
"sana",0.637161084529506,4.67819117410737e-08,1.87127646964295e-07
