"study","auc","pvalue","BH"
"burns",0.645833333333333,0.197571650290803,0.263428867054403
"flemer",0.643410452385871,0.101545449396783,0.263428867054403
"chen",0.407407407407407,1,1
"sana",0.630781499202552,0.144643032959907,0.263428867054403
