"study","auc","pvalue","BH"
"wang",0.726125776397516,0.683075751211737,1
"weir",0.714285714285714,0.843574424301696,1
"ahn",0.523648648648649,6.66859469656736e-05,0.000400115681794042
"zeller",0.78609756097561,0.516244339023902,1
"baxter",0.749612403100775,1,1
"hale",0.499875637358537,0.000197581303345431,0.000592743910036292
