"study","auc","pvalue","BH"
"burns",0.555555555555556,0.937344613664072,1
"dejea",0.532544378698225,1,1
"geng",0.59375,0.75246319796167,1
