"alpha_metric","chi_sq","pvalue","BH"
"shannon",0.153871586966233,0.694862650558557,0.742261551986397
"shannoneven",0.123244899975731,0.725541437794925,0.742261551986397
"sobs",0.108148862649927,0.742261551986397,0.742261551986397
