"rr","ci_lb","ci_ub","pvalue","measure"
1.11332989491868,0.869968694328089,1.42476788302934,0.39362028267384,"sobs"
1.32949040413725,1.09136768415391,1.61956851055501,0.00468073355268744,"shannon"
1.35938199760425,1.14902355888346,1.60825198154003,0.000344323843122066,"shannoneven"
