"rr","ci_lb","ci_ub","pvalue","measure"
1.2580677954528,0.675865231221665,2.34179020437932,0.468953521420778,"sobs"
1.11825011200056,0.726259012821963,1.72181451921727,0.61178520839346,"shannon"
1.00899907978838,0.604160780985555,1.68511292863636,0.972688590826478,"shannoneven"
