"diff","lwr","upr","p adj","comparison","measure"
0.373709256797419,0.0982264781035124,0.649192035491326,0.00435802427672449,"control-cancer","sobs"
0.18698215828958,-0.141421465106019,0.515385781685179,0.374087099863571,"polyp-cancer","sobs"
-0.186727098507839,-0.489631208040093,0.116177011024415,0.316190439406924,"polyp-control","sobs"
0.375678283031342,0.10129702641243,0.650059539650255,0.00394886545147355,"control-cancer","shannon"
0.125720621462502,-0.201369875056733,0.452811117981737,0.637874213545343,"polyp-cancer","shannon"
-0.24995766156884,-0.551650604418232,0.0517352812805519,0.126438226620707,"polyp-control","shannon"
0.338082274587638,0.0638775902448728,0.612286958930404,0.0109574612195839,"control-cancer","shannoneven"
0.0900130350974228,-0.236866969224976,0.416893039419821,0.793657203257816,"polyp-cancer","shannoneven"
-0.248069239490215,-0.549568034203277,0.0534295552228464,0.130048302396057,"polyp-control","shannoneven"
