"diff","lwr","upr","p adj","comparison","measure"
0.27727328148777,0.0200664603226648,0.534480102652875,0.0310684838531692,"control-cancer","sobs"
-0.0440270284797363,-0.410021895142756,0.321967838183283,0.956805072220326,"polyp-cancer","sobs"
-0.321300309967506,-0.680361920601586,0.0377613006665729,0.09005779635196,"polyp-control","sobs"
0.275270881114534,0.0197011642383251,0.530840597990744,0.0312512199840069,"control-cancer","shannon"
-0.154585508146559,-0.518250841855461,0.209079825562344,0.577201148269586,"polyp-cancer","shannon"
-0.429856389261093,-0.786632596653982,-0.0730801818682037,0.0133651347363155,"polyp-control","shannon"
0.241156176056291,-0.0138957006360151,0.496208052748597,0.0683414885672704,"control-cancer","shannoneven"
-0.19791405317733,-0.560842521323329,0.165014414968669,0.405577168357381,"polyp-cancer","shannoneven"
-0.439070229233621,-0.795123529941372,-0.0830169285258693,0.0109416078185329,"polyp-control","shannoneven"
