"rr","ci_lb","ci_ub","pvalue","measure"
1.81629106975583,0.945609838731003,3.48866214685528,0.0731274890247826,"sobs"
3.24805657387421,0.547938701148783,19.2537440501448,0.19448726247541,"shannon"
3.47049287784048,0.680454364611547,17.7004093757519,0.134436746513109,"shannoneven"
