rr,ci_lb,ci_ub,pvalue,measure
1.38004339030457,1.05320260334078,1.80831280997802,0.0194987264683149,sobs
1.16937330084633,0.912899656720952,1.49790166604284,0.215497271555275,shannon
0.973475516614209,0.705797944231899,1.3426712123377,0.86983942367323,shannoneven
