"alpha_metric","chi_sq","pvalue","BH"
"shannon",0.153871586966204,0.694862650558584,0.742261551986332
"shannoneven",0.123244899975731,0.725541437794925,0.742261551986332
"sobs",0.108148862649983,0.742261551986332,0.742261551986332
