"alpha_metric","chi_sq","pvalue","BH"
"shannon",6.99260004360622,0.00818473747570049,0.0122771062135507
"shannoneven",9.19043429510839,0.00243283160102198,0.00729849480306593
"sobs",3.88618239826019,0.0486849699073898,0.0486849699073898
