"alpha_metric","chi_sq","pvalue","BH"
"shannon",3.01407013329185,0.0825447836043674,0.144459001947492
"shannoneven",2.1298063843908,0.144459001947492,0.144459001947492
"sobs",2.7502362816233,0.0972400575455255,0.144459001947492
