"alpha_metric","chi_sq","pvalue","BH"
"shannon",3.91316737575949,0.0479092232435731,0.107050741356775
"shannoneven",3.25129249104612,0.0713671609045167,0.107050741356775
"sobs",2.44809473079499,0.117667614107755,0.117667614107755
