rr,ci_lb,ci_ub,pvalue,measure
2.01484847009487,1.2338538957818601,3.29019049283076,0.00511294481240669,sobs
2.18698451544333,0.748242630121743,6.39217959288243,0.152725222719848,shannon
2.99032072250789,0.755699284626203,11.8327729103027,0.118564413731781,shannoneven
