"rr","ci_lb","ci_ub","pvalue","measure"
1.07811217578529,0.939281750847062,1.23746241479543,0.284910103147938,"sobs"
1.11403279840669,0.970558402127539,1.27871653391008,0.12475010882624,"shannon"
1.16324466619153,1.01278835322014,1.33605224538847,0.0323724286989726,"shannoneven"
