"alpha_metric","chi_sq","pvalue","BH"
"shannon",4.79504913634537,0.028541642474885,0.0428124637123274
"shannoneven",6.97487575640753,0.00826619615743865,0.024798588472316
"sobs",1.60437775498849,0.205283920737939,0.205283920737939
