"rr","ci_lb","ci_ub","pvalue","measure"
1.13157406835673,0.86215571957391,1.48518399067193,0.372965285790375,"sobs"
1.31338612253889,1.06684008461689,1.61690878675335,0.0101725751952778,"shannon"
1.34204979661134,1.12428558161908,1.60199302208499,0.00112675365012,"shannoneven"
