"alpha_metric","chi_sq","pvalue","BH"
"shannon",2.62515275517239,0.105182382173903,0.192416837089134
"shannoneven",2.31322216456601,0.128277891392756,0.192416837089134
"sobs",1.40489610690656,0.235905519846665,0.235905519846665
