"alpha_metric","chi_sq","pvalue","BH"
"shannon",3.91316737576017,0.0479092232435538,0.107050741356761
"shannoneven",3.25129249104634,0.0713671609045074,0.107050741356761
"sobs",2.44809473079454,0.117667614107788,0.117667614107788
