"cancer","non_cancer","pvalue","BH","measures"
-0.119001123042709,0.0821018263406962,0.0709696021567981,0.173024028283982,"sobs"
-0.102712663856356,0.0706526077350758,0.115349352189321,0.173024028283982,"shannon"
-0.0810156500994539,0.0560506009230059,0.210100036670778,0.210100036670778,"shannoneven"
