"alpha_metric","chi_sq","pvalue","BH"
"shannon",4.79504913634355,0.028541642474915,0.0428124637123726
"shannoneven",6.97487575641208,0.00826619615741764,0.0247985884722529
"sobs",1.6043777549894,0.20528392073781,0.20528392073781
