"optimum_lambdas","pvalues"
0.6,0.360856153113944
2.675,0.928425995242838
4.475,0.598743580096569
