"fstat","r2","pvalue","study"
1.20255688028667,0.0477156697234676,0.2515,"dejea"
0.429799571600282,0.0297855538095057,0.9816,"geng"
0.806923546142868,0.167866939924675,1,"burns"
