"fstat","r2","pvalue","study","adn_n","not_adn_n"
5.02767581552561,0.143534382412468,1e-04,"lu",17,15
2.5059142018407,0.0178349375261235,1e-04,"flemer",37,103
