"fstat","r2","pvalue","study"
3.46907677971249,0.0335276672768446,1e-04,"wang"
1.07383921480334,0.106596818939233,0.3431,"weir"
2.18412959310118,0.0103915057589242,0.0033,"ahn"
2.38436897929907,0.0185721127755322,6e-04,"zeller"
2.14580375966493,0.00437788866742413,0.0013,"baxter"
0.970469339383594,0.00138052646833884,0.7321,"hale"
1.26897229715974,0.0160084363450894,0.046,"flemer"
