"study","pvalue","bh"
"dejea",0.000945990886829415,0.00141898633024412
"geng",2.11613239022621e-05,6.34839717067863e-05
"burns",0.2,0.2
