"study","pvalue","bh"
"dejea",0.003131540981086,0.004697311471629
"geng",2.06212818025895e-05,6.18638454077684e-05
"burns",0.2,0.2
