"optimum_lambdas","pvalues"
0.475,0.242669171719678
2.325,0.108327925915912
3.85,0.251970392334697
