"optimum_lambdas","pvalues"
1.65,0.681194113407622
9.075,0.391611058423706
9.975,0.0343833014345047
