"optimum_lambdas","pvalues"
0.4,0.9033586455458
0.7,0.197734806453956
0.0499999999999998,0.64355271054453
