"optimum_lambdas","pvalues"
-1.025,0.637812469370471
0.875,0.707229297496019
3.125,0.624075135521677
