"group","sobs","shannon","shannoneven","disease","white","sample_type","sex","age","bmi","study"
"stc11",10.1621479550565,2.88576311339762,0.987912331576968,"control",0,"stool",NA,NA,NA,"chen"
"stc15",7.64061018547619,2.50283322926378,0.984359496138605,"control",0,"stool",NA,NA,NA,"chen"
"stc3",8.70434069952231,2.45896775112992,0.980066163143762,"control",0,"stool",NA,NA,NA,"chen"
"stc6",8.94289894705912,2.46930586647984,0.979751397545937,"control",0,"stool",NA,NA,NA,"chen"
"stc8",10.282248086363,2.96979426250161,0.9896906148434,"control",0,"stool",NA,NA,NA,"chen"
"stp1",11.3671162690402,3.26465591624486,0.994306464885969,"cancer",0,"stool",NA,NA,NA,"chen"
