"optimum_lambdas","pvalues"
-0.35,0.0449824111506276
0.275,0.234544647203507
0.85,0.331090859337391
