"optimum_lambdas","pvalues"
1.425,0.994132001110946
4.05,0.531798558136043
6.275,0.22261831497113
