"optimum_lambdas","pvalues"
1.275,0.0270659725266531
3.725,0.182020693740298
5.925,0.0820004636551789
