"optimum_lambdas","pvalues"
1.6,0.97338766330143
4.025,0.916094501189081
7.05,0.869371696990228
