"study","auc","pvalue","BH"
"burns","0.444444444444444","0.969262718196211","0.969262718196211"
"geng","0.515625","0.759200843119512","0.969262718196211"
"dejea","0.455621301775148",NA,NA
