"study","auc","pvalue","BH"
"burns","0.479166666666667","0.0044261644671968","0.0066392467007952"
"chen","0.54320987654321","0.0329787689466353","0.0329787689466353"
"sana","0.548245614035088","2.59292180691034e-05","7.77876542073102e-05"
"flemer","0.857598784194529",NA,NA
