"study","auc","pvalue","BH"
"wang","0.572399068322981","0.752641791820675","0.824422680395258"
"ahn","0.571763295553618","0.742610389620218","0.824422680395258"
"zeller","0.593658536585366","0.824422680395258","0.824422680395258"
"baxter","0.557146317829457","0.695573894321522","0.824422680395258"
"hale","0.546884715831364","0.661224180547464","0.824422680395258"
"flemer","0.581395348837209","0.788003959800421","0.824422680395258"
"weir","0.642857142857143",NA,NA
