"study","auc","pvalue","BH"
"burns","0.575","0.0164566506329606","0.0246849759494409"
"chen","0.580246913580247","0.0450629045416729","0.0450629045416729"
"sana","0.550239234449761","2.04391854125777e-06","6.13175562377332e-06"
"flemer","0.886854103343465",NA,NA
