"study","auc","pvalue","BH"
"wang","0.761645962732919","0.896194087194352","0.896194087194352"
"weir","0.964285714285714","0.00882449548266445","0.0264734864479933"
"ahn","0.694965126416739","0.220781421911971","0.264937706294365"
"baxter","0.69578488372093","0.199834122707311","0.264937706294365"
"hale","0.504787961696306","0.0028019191356791","0.0168115148140746"
"flemer","0.658705216844752","0.150869886727394","0.264937706294365"
"zeller","0.771219512195122",NA,NA
