"study","auc","pvalue","BH"
"burns","0.555555555555556","0.89984907960008","0.89984907960008"
"dejea","0.535502958579882","0.765792822058525","0.89984907960008"
"geng","0.59375",NA,NA
