"study","auc","pvalue","BH"
"wang","0.701086956521739","0.54101360709564","0.81152041064346"
"weir","0.785714285714286","0.808833600974312","0.970600321169174"
"ahn","0.498092850915432","2.1624997933568e-05","0.000129749987601408"
"zeller","0.739024390243902","0.997853413824691","0.997853413824691"
"hale","0.660489988807362","0.323475624085738","0.646951248171476"
"flemer","0.592394720301697","0.0370641086646988","0.111192325994096"
"baxter","0.738856589147287",NA,NA
