"study","auc","pvalue","BH"
"wang","0.772127329192547","0.255874899115722","0.354882321342156"
"weir","0.857142857142857","0.275317167027443","0.354882321342156"
"ahn","0.566314298169137","0.00922089997815298","0.0553253998689179"
"zeller","0.747560975609756","0.501533149730002","0.501533149730002"
"hale","0.632321850516105","0.279774200425917","0.354882321342156"
"flemer","0.629792583280955","0.29573526778513","0.354882321342156"
"baxter","0.703924418604651",NA,NA
