"study","auc","pvalue","BH"
"burns","0.533333333333333","0.752174285004566","0.980033557070219"
"flemer","0.588829787234043","0.980033557070219","0.980033557070219"
"sana","0.674242424242424","0.601626401469374","0.980033557070219"
"chen","0.592592592592593",NA,NA
