"study","auc","pvalue","BH"
"burns","0.429166666666667","0.551630161454541","0.745549123184537"
"flemer","0.590349544072948","0.745549123184537","0.745549123184537"
"sana","0.621610845295056","0.624577281148807","0.745549123184537"
"chen","0.54320987654321",NA,NA
