"study","auc","pvalue","BH"
"dejea","0.494082840236686","1.35536876206147e-05","2.71073752412294e-05"
"geng","0.5390625","0.00189873339202848","0.00189873339202848"
"burns","1",NA,NA
