"study","full_model","select_model","pvalue","BH"
"wang",0.897127329192547,0.59763198757764,1.28323231915065e-06,8.98262623405453e-06
"weir",0.642857142857143,0.642857142857143,1,1
"ahn",0.670553618134263,0.636061464690497,0.475293152163114,0.665410413028359
"zeller",0.770487804878049,0.77,0.992912495215558,1
"baxter",0.74469476744186,0.655571705426357,0.00463151584647728,0.010806870308447
"hale",0.666708120880487,0.482029598308668,0.00413888759232706,0.010806870308447
"flemer",0.593966059082338,0.501571338780641,0.191177173675791,0.334560053932635
