"study","auc","pvalue","BH"
"wang","0.742430124223603","4.34162187937683e-08","1.30248656381305e-07"
"weir","0.642857142857143","0.0648317452109744","0.0648317452109744"
"ahn","0.585876198779425","0.00093222050251808","0.0011186646030217"
"zeller","0.708780487804878","1.83344359172781e-05","3.66688718345562e-05"
"baxter","0.643241279069767","2.55113146864007e-08","1.30248656381305e-07"
"flemer","0.656819610307983","0.000177420733558383","0.000266131100337575"
"hale","0.482029598308668",NA,NA
