"study","auc","pvalue","BH"
"wang","0.741071428571429","0.950844742201617","0.97337104464506"
"weir","0.75","0.97337104464506","0.97337104464506"
"ahn","0.5493679163034","0.000574347729178825","0.00172304318753648"
"zeller","0.794878048780488","0.35302033842235","0.529530507633525"
"hale","0.546946897152096","0.00967815468326744","0.0193563093665349"
"flemer","0.417976115650534","3.82522349654309e-06","2.29513409792585e-05"
"baxter","0.74469476744186",NA,NA
