"study","auc","pvalue","BH"
"wang","0.707298136645963","0.464060282321834","0.875736541768101"
"ahn","0.602659110723627","0.86360421809477","0.875736541768101"
"zeller","0.801951219512195","0.212857599735814","0.875736541768101"
"baxter","0.635731589147287","0.72360131663827","0.875736541768101"
"hale","0.54271856734237","0.875736541768101","0.875736541768101"
"flemer","0.696417347580138","0.514925167218924","0.875736541768101"
"weir","0.571428571428571",NA,NA
