"study","auc","pvalue","BH"
"wang","0.66013198757764","0.165323098709288","0.198387718451145"
"weir","0.821428571428571","0.717301064924546","0.717301064924546"
"ahn","0.658129904097646","0.100818484928898","0.151227727393346"
"baxter","0.663735465116279","0.0834533250612604","0.151227727393346"
"hale","0.542905111304564","0.0269597853092888","0.151227727393346"
"flemer","0.623821495914519","0.0762463903188615","0.151227727393346"
"zeller","0.770487804878049",NA,NA
