"study","auc","pvalue","BH"
"burns","0.558333333333333","0.393284702865253","0.58992705429788"
"chen","0.808641975308642","0.287760070104942","0.58992705429788"
"flemer","0.643768996960486","0.636523575378446","0.636523575378446"
"sana","0.679425837320574",NA,NA
