"study","auc","pvalue","BH"
"wang","0.671777950310559","0.43391811016752","0.650877165251281"
"weir","0.714285714285714","0.550648976134162","0.660778771360994"
"ahn","0.704718831734961","0.186211516427437","0.55863454928231"
"zeller","0.767731987664704","0.0421032219885648","0.252619331931389"
"baxter","0.604684684684685","0.971794494787621","0.971794494787621"
"hale","0.510360476068156","0.325508409913243","0.650877165251281"
"flemer","0.607165304839723",NA,NA
