"study","auc","pvalue","BH"
"wang","0.731754658385093","0.920942654287385","0.97432203289135"
"weir","0.75","0.955134911880391","0.97432203289135"
"ahn","0.480710549258936","6.29878916584304e-06","3.77927349950582e-05"
"zeller","0.735609756097561","0.97432203289135","0.97432203289135"
"hale","0.664593955975625","0.373434104895368","0.746868209790735"
"flemer","0.546197360150849","0.00670798737035228","0.0201239621110569"
"baxter","0.737645348837209",NA,NA
