"study","auc","pvalue","BH"
"wang","0.649844720496894","0.759649505270829","0.759649505270829"
"weir","0.571428571428571","0.636193012218373","0.759649505270829"
"zeller","0.72390243902439","0.41820975138069","0.759649505270829"
"baxter","0.62906976744186","0.419042198133418","0.759649505270829"
"hale","0.697363512000995","0.740678782341543","0.759649505270829"
"flemer","0.692331866750471","0.754059758274915","0.759649505270829"
"ahn","0.670553618134263",NA,NA
