"study","auc","pvalue","BH"
"wang","0.701281055900621","0.0248450629293136","0.0495307033067047"
"weir","0.714285714285714","0.0740216393846396","0.0888259672615676"
"ahn","0.673332606800349","0.0316877846236504","0.0495307033067047"
"zeller","0.767804878048781","0.00286167397824716","0.0171700438694829"
"baxter","0.670373062015504","0.0330204688711365","0.0495307033067047"
"hale","0.594639970152966","0.31020168371921","0.31020168371921"
"flemer","0.501571338780641",NA,NA
