"study","auc","pvalue","BH"
"wang","0.663431677018633","0.909807858914409","0.994470837888632"
"ahn","0.644071490845684","0.994470837888632","0.994470837888632"
"zeller","0.802926829268293","0.364784722423851","0.994470837888632"
"baxter","0.688372093023256","0.795046774911925","0.994470837888632"
"hale","0.584504414873772","0.746490640353983","0.994470837888632"
"flemer","0.634820867379007","0.964972199714621","0.994470837888632"
"weir","0.642857142857143",NA,NA
