"study","full_model","select_model","pvalue","BH"
"burns",0.558333333333333,0.9,0.0658005175697982,0.131601035139596
"flemer",0.976367781155015,0.59870820668693,6.62767012945325e-36,2.6510680517813e-35
"chen",0.592592592592593,0.716049382716049,0.558245409430896,0.558245409430896
"sana",0.679425837320574,0.814593301435407,0.144656385538337,0.192875180717783
