"study","auc","pvalue","BH"
"wang","0.685364906832298","0.856419546702835","0.953382072499643"
"weir","0.464285714285714","0.296393444249255","0.889180332747764"
"ahn","0.674749346120314","0.709031883764024","0.953382072499643"
"zeller","0.694390243902439","0.943081419166583","0.953382072499643"
"baxter","0.696317829457364","0.953382072499643","0.953382072499643"
"hale","0.543962193756995","0.0886051536529534","0.531630921917721"
"flemer","0.700188560653677",NA,NA
