"study","full_model","select_model","pvalue","BH"
"wang",0.909355590062112,0.597243788819876,4.19509304631905e-07,2.93656513242334e-06
"weir",0.678571428571429,0.857142857142857,0.48627863907993,0.48627863907993
"ahn",0.704773321708806,0.635407585004359,0.138167041252649,0.308323976605082
"zeller",0.79843005326605,0.74502382954864,0.264277694232928,0.308323976605082
"baxter",0.737972972972973,0.660540540540541,0.00511884446388824,0.0179159556236089
"hale",0.570896480863088,0.487627365356623,0.222759110562973,0.308323976605082
"flemer",0.607165304839723,0.515399120050283,0.200524999491292,0.308323976605082
