"study","auc","pvalue","BH"
"burns","0.625","0.83799851335757","0.83799851335757"
"flemer","0.647720364741641","0.491257957026671","0.83799851335757"
"chen","0.62962962962963","0.817653268394718","0.83799851335757"
"sana","0.594098883572568",NA,NA
