"study","auc","pvalue","BH"
"flemer","0.567971124620061","0.000781386884918393","0.00117208032737759"
"chen","0.728395061728395","0.24718754382843","0.24718754382843"
"sana","0.542663476874003","0.000291609642204139","0.000874828926612419"
"burns","0.9",NA,NA
