"study","auc","pvalue","BH"
"wang","0.684782608695652","0.28549241255621","0.428238618834315"
"weir","0.535714285714286","0.765537980758065","0.86903424931326"
"ahn","0.707552310374891","0.122025329085387","0.366075987256161"
"zeller","0.752926829268293","0.0566907995717532","0.34014479743052"
"baxter","0.581928294573643","0.86903424931326","0.86903424931326"
"hale","0.480785971894043","0.226221105889154","0.428238618834315"
"flemer","0.593966059082338",NA,NA
