"study","auc","pvalue","BH"
"wang","0.572399068322981","0.748569800840642","0.825443197395558"
"ahn","0.571763295553618","0.752403637364561","0.825443197395558"
"zeller","0.593658536585366","0.825443197395558","0.825443197395558"
"baxter","0.557146317829457","0.687419769417617","0.825443197395558"
"hale","0.546884715831364","0.656589944086833","0.825443197395558"
"flemer","0.581395348837209","0.782912993879264","0.825443197395558"
"weir","0.642857142857143",NA,NA
