"study","auc","pvalue","BH"
"burns","0.722222222222222","0.568128629461167","0.661101264337373"
"dejea","0.644970414201184","0.661101264337373","0.661101264337373"
"geng","0.5625",NA,NA
