"study","auc","pvalue","BH"
"wang","0.66013198757764","0.156734722950085","0.188081667540102"
"weir","0.821428571428571","0.723130480168344","0.723130480168344"
"ahn","0.658129904097646","0.100263492535229","0.150395238802843"
"baxter","0.663735465116279","0.0917730631393665","0.150395238802843"
"hale","0.542905111304564","0.0215748202455059","0.129448921473035"
"flemer","0.623821495914519","0.0715473724515404","0.150395238802843"
"zeller","0.770487804878049",NA,NA
