"study","auc","pvalue","BH"
"weir","0.928571428571429","0.231078766526738","0.277294519832086"
"ahn","0.639221883173496","0.00486511976008476","0.0130574050244928"
"zeller","0.780975609756098","0.620421301754549","0.620421301754549"
"baxter","0.695445736434109","0.0311058761824505","0.0466588142736757"
"hale","0.558761348091033","0.00247650766032285","0.0130574050244928"
"flemer","0.595223130106851","0.00652870251224639","0.0130574050244928"
"wang","0.81444099378882",NA,NA
