"study","auc","pvalue","BH"
"burns","0.533333333333333","0.756396094979606","0.980033103838646"
"flemer","0.588829787234043","0.980033103838646","0.980033103838646"
"sana","0.674242424242424","0.598497532496396","0.980033103838646"
"chen","0.592592592592593",NA,NA
