"study","auc","pvalue","BH"
"wang","0.588703416149068","0.367375019097753","0.440850022917304"
"weir","0.767857142857143","0.572627577257535","0.572627577257535"
"ahn","0.551819965126417","0.140507334837069","0.281014669674138"
"zeller","0.576585365853658","0.309351922852846","0.440850022917304"
"baxter","0.543507751937985","0.0951863238157997","0.281014669674138"
"flemer","0.439660590823382","0.0139199240375306","0.0835195442251836"
"hale","0.666708120880487",NA,NA
