"study","auc","pvalue","BH"
"dejea","0.745562130177515","0.00952145422661183","0.00952145422661183"
"geng","0.5625","0.00456173675094693","0.00912347350189386"
"burns","1",NA,NA
