"study","auc","pvalue","BH"
"weir","0.714285714285714","0.3139644354125","0.627928870824999"
"ahn","0.591706625980819","0.937579365009373","0.937579365009373"
"zeller","0.738292682926829","0.105500942335537","0.560131293916144"
"baxter","0.697722868217054","0.186710431305381","0.560131293916144"
"hale","0.550429051113046","0.579242251452881","0.717034913374181"
"flemer","0.641734758013828","0.597529094478484","0.717034913374181"
"wang","0.59763198757764",NA,NA
