"study","auc","pvalue","BH"
"burns","0.529166666666667","0.600740164812727","0.87802841487818"
"flemer","0.591641337386018","0.87802841487818","0.87802841487818"
"chen","0.728395061728395","0.38612334436015","0.87802841487818"
"sana","0.603668261562998",NA,NA
