"study","auc","pvalue","BH"
"wang","0.781055900621118","0.110071870677838","0.330215612033514"
"weir","0.571428571428571","0.56368006724514","0.686204988568368"
"zeller","0.787317073170732","0.0827912871623161","0.330215612033514"
"baxter","0.708624031007752","0.57183749047364","0.686204988568368"
"hale","0.647556274095262","0.720525697409172","0.720525697409172"
"flemer","0.733500942803268","0.43529666209911","0.686204988568368"
"ahn","0.679871403661726",NA,NA
