"study","auc","pvalue","BH"
"wang","0.706133540372671","0.881440971479803","0.881440971479803"
"ahn","0.57110941586748","0.551137583512091","0.881440971479803"
"zeller","0.773414634146341","0.600536335223605","0.881440971479803"
"baxter","0.622141472868217","0.747323050803302","0.881440971479803"
"hale","0.608071135430917","0.708364424911329","0.881440971479803"
"flemer","0.629164047768699","0.785930305322785","0.881440971479803"
"weir","0.678571428571429",NA,NA
