"study","auc","pvalue","BH"
"wang","0.705163043478261","0.37906833805756","0.454882005669072"
"weir","0.785714285714286","0.882382919913469","0.882382919913469"
"ahn","0.648430688753269","0.0439358977501951","0.131807693250585"
"baxter","0.695518410852713","0.203679673511237","0.407359347022475"
"hale","0.585437134684741","0.00853085170226863","0.0511851102136118"
"flemer","0.690446260213702","0.277728870754301","0.416593306131452"
"zeller","0.77",NA,NA
