"study","full_model","select_model","pvalue","BH"
"wang",0.897127329192547,0.800077639751553,0.0209696329666961,0.0733937153834362
"weir",0.642857142857143,0.678571428571429,0.83947864339399,0.843062929977578
"ahn",0.670553618134263,0.679871403661726,0.809972160938382,0.843062929977578
"zeller",0.770487804878049,0.778048780487805,0.843062929977578,0.843062929977578
"baxter",0.74469476744186,0.738856589147287,0.825483427238226,0.843062929977578
"hale",0.666708120880487,0.547693073000871,0.30169820227965,0.70396247198585
"flemer",0.593966059082338,0.730986800754243,0.0139035856653504,0.0733937153834362
