"study","full_model","select_model","pvalue","BH"
"burns",1,1,1,1
"dejea",0.455621301775148,0.644970414201183,0.0332997238278222,0.0998991714834666
"geng",0.59375,0.578125,0.952916327904489,1
