"study","full_model","select_model","pvalue","BH"
"burns",1,1,1,1
"dejea",0.455621301775148,0.57396449704142,0.22928116041533,0.68784348124599
"geng",0.59375,0.5625,0.897006925336296,1
