"study","auc","pvalue","BH"
"weir","0.803571428571429","0.501298821823083","0.501298821823083"
"ahn","0.617534873583261","1.37919063178004e-07","8.27514379068026e-07"
"zeller","0.705121951219512","0.00299414283576035","0.00359297140291242"
"baxter","0.694016472868217","1.04444274904922e-05","2.08888549809843e-05"
"hale","0.531463748290014","5.39917071891167e-06","1.6197512156735e-05"
"flemer","0.596165933375236","1.98443722017287e-05","2.97665583025931e-05"
"wang","0.897127329192547",NA,NA
