"study","auc","pvalue","BH"
"flemer","0.578039513677812","0.885800400072217","0.961048454565753"
"chen","0.679012345679012","0.511389544693918","0.961048454565753"
"sana","0.55103668261563","0.961048454565753","0.961048454565753"
"burns","0.558333333333333",NA,NA
