"study","full_model","select_model","pvalue","BH"
"burns",0.558333333333333,0.666666666666667,0.417932710773247,0.557243614364329
"flemer",0.976367781155015,0.857598784194529,1.396747780956e-07,5.58699112382399e-07
"chen",0.592592592592593,0.592592592592593,1,1
"sana",0.679425837320574,0.594098883572568,0.0828267776590528,0.165653555318106
