"study","auc","pvalue","BH"
"burns","0.666666666666667","0.763953797759781","0.763953797759781"
"geng","0.6484375","0.694099689238773","0.763953797759781"
"dejea","0.57396449704142",NA,NA
