"study","auc","pvalue","BH"
"wang","0.649844720496894","0.756450112135148","0.756450112135148"
"weir","0.571428571428571","0.644105500111403","0.756450112135148"
"zeller","0.72390243902439","0.418174233758938","0.756450112135148"
"baxter","0.62906976744186","0.433470585428948","0.756450112135148"
"hale","0.697363512000995","0.736579156342328","0.756450112135148"
"flemer","0.692331866750471","0.751971857748299","0.756450112135148"
"ahn","0.670553618134263",NA,NA
