"study","auc","pvalue","BH"
"wang","0.755434782608696","0.068875649001968","0.206626947005904"
"weir","0.392857142857143","0.229899244199024","0.275879093038829"
"zeller","0.79609756097561","0.0109691838936742","0.0658151033620451"
"baxter","0.716618217054264","0.12117601253192","0.213816795115292"
"hale","0.549434149981346","0.360024789981194","0.360024789981194"
"flemer","0.733500942803268","0.142544530076861","0.213816795115292"
"ahn","0.635244115082825",NA,NA
