"study","auc","pvalue","BH"
"burns","0.555555555555555","0.937558006078822","0.937558006078822"
"dejea","0.656804733727811","0.672107868424863","0.937558006078822"
"geng","0.578125",NA,NA
