"study","auc","pvalue","BH"
"burns","0.5","0.978797332908411","0.978797332908411"
"dejea","0.650887573964497","0.387746344714287","0.775492689428575"
"geng","0.4921875",NA,NA
