"study","auc","pvalue","BH"
"weir","0.928571428571429","0.181884761706289","0.218261714047547"
"ahn","0.629795117698344","0.00657314647980119","0.0197194394394036"
"zeller","0.776585365853659","0.732050314747392","0.732050314747392"
"baxter","0.708527131782946","0.103208402489028","0.154812603733542"
"hale","0.553102847904489","0.00282984682027097","0.0169790809216258"
"flemer","0.611879321181647","0.019482784609983","0.0389655692199661"
"wang","0.800077639751553",NA,NA
