"study","auc","pvalue","BH"
"weir","0.714285714285714","0.302245266296642","0.604490532593283"
"ahn","0.578193112467306","0.806642632861951","0.806642632861951"
"zeller","0.76282590412111","0.0473279937151537","0.283967962290922"
"baxter","0.69402027027027","0.186166719339768","0.558500158019303"
"hale","0.54585152838428","0.548590588711001","0.709206207487042"
"flemer","0.643620364550597","0.591005172905868","0.709206207487042"
"wang","0.597243788819876",NA,NA
