"study","auc","pvalue","BH"
"wang","0.756017080745342","0.759947100891765","0.759947100891765"
"weir","0.964285714285714","0.0111025382055458","0.0333076146166373"
"ahn","0.690714908456844","0.15980538399294","0.191766460791528"
"baxter","0.693507751937985","0.144010773742602","0.191766460791528"
"hale","0.519649297351076","0.00436922957583763","0.0262153774550258"
"flemer","0.65556253928347","0.123944222128464","0.191766460791528"
"zeller","0.778048780487805",NA,NA
