"study","auc","pvalue","BH"
"burns","0.5","0.000303992273007937","0.000455988409511905"
"chen","0.493827160493827","0.000693295240312805","0.000693295240312805"
"sana","0.560606060606061","5.45969991156927e-09","1.63790997347078e-08"
"flemer","0.976367781155015",NA,NA
