"study","full_model","select_model","pvalue","BH"
"dejea",0.455621301775148,0.662721893491124,0.31356888644158,0.62713777288316
"geng",0.59375,0.671875,0.697356801201245,0.697356801201245
