"study","full_model","select_model","pvalue","BH"
"burns",1,1,1,1
"dejea",0.455621301775148,0.455621301775148,1,1
"geng",0.59375,0.4921875,0.544653896180987,1
