"study","auc","pvalue","BH"
"burns","0.666666666666667","0.481200416510305","0.481200416510305"
"geng","0.6875","0.226708260712804","0.453416521425607"
"dejea","0.455621301775148",NA,NA
