"study","full_model","select_model","pvalue","BH"
"burns",0.558333333333333,0.683333333333333,0.531003596397044,0.708004795196058
"chen",0.592592592592593,0.518518518518518,0.7591837013923,0.7591837013923
"flemer",0.976671732522796,0.654787234042553,2.12751593868262e-15,8.51006375473049e-15
"sana",0.679425837320574,0.446570972886762,0.00365671614666399,0.00731343229332799
