"study","auc","pvalue","BH"
"burns","0.475","0.000228821187129305","0.000343231780693958"
"chen","0.635802469135802","0.0142122188877347","0.0142122188877347"
"sana","0.584529505582137","3.0986210834793e-08","9.2958632504379e-08"
"flemer","0.976671732522796",NA,NA
