"study","auc","pvalue","BH"
"weir","0.892857142857143","0.870718752667618","0.870718752667618"
"ahn","0.597591543156059","3.18198256166617e-09","1.9091895369997e-08"
"zeller","0.725259321558733","0.00129669321173653","0.00155603185408384"
"baxter","0.709166666666667","1.23195514060776e-06","2.46391028121551e-06"
"hale","0.472771641407655","2.99001471831151e-08","8.97004415493452e-08"
"flemer","0.592394720301697","8.90675171267836e-06","1.33601275690175e-05"
"wang","0.909355590062112",NA,NA
