"study","auc","pvalue","BH"
"wang","0.710986024844721","0.058212750351666","0.349276502109996"
"weir","0.392857142857143","0.404909444638406","0.607364166957609"
"ahn","0.583369659982563","0.65578300394482","0.65578300394482"
"zeller","0.667073170731707","0.174311234485021","0.522933703455064"
"baxter","0.617102713178295","0.334934990368832","0.607364166957609"
"flemer","0.502828409805154","0.625921326305826","0.65578300394482"
"hale","0.547693073000871",NA,NA
