"study","auc","pvalue","BH"
"chen","0.419753086419753","0.192607215934338","0.5422356854402"
"flemer","0.680395136778115","0.98405257638023","0.98405257638023"
"sana","0.541068580542265","0.361490456960133","0.5422356854402"
"burns","0.683333333333333",NA,NA
