"study","full_model","select_model","pvalue","BH"
"burns",0.558333333333333,0.75,0.132240082459401,0.239835384945606
"flemer",0.976367781155015,0.886854103343465,1.16965533088711e-06,4.67862132354842e-06
"chen",0.592592592592593,0.54320987654321,0.695197853464855,0.695197853464855
"sana",0.679425837320574,0.603668261562998,0.179876538709204,0.239835384945606
