"study","auc","pvalue","BH"
"wang","0.692546583850932","0.566180277438258","0.849270416157386"
"weir","0.785714285714286","0.177252499978853","0.535730616745979"
"ahn","0.647994768962511","0.874856319897862","0.916128394108913"
"zeller","0.738048780487805","0.17857687224866","0.535730616745979"
"hale","0.589914189777391","0.278123395436334","0.556246790872668"
"flemer","0.648962916404777","0.916128394108913","0.916128394108913"
"baxter","0.655571705426357",NA,NA
