"study","auc","pvalue","BH"
"wang","0.769021739130435","0.000537478741156176","0.00322487244693706"
"weir","0.732142857142857","0.131712077973022","0.255728633733069"
"ahn","0.540322580645161","0.799316732176644","0.959180078611973"
"zeller","0.662926829268293","0.0784280104224632","0.23528403126739"
"baxter","0.610537790697674","0.170485755822046","0.255728633733069"
"flemer","0.521055939660591","0.981044245533893","0.981044245533893"
"hale","0.523069269991295",NA,NA
