"study","full_model","select_model","pvalue","BH"
"wang",0.897127329192547,0.794060559006211,0.0148678173376729,0.10407472136371
"weir",0.642857142857143,0.571428571428571,0.829641128984456,0.924599398627429
"ahn",0.670553618134263,0.635244115082825,0.418497003390707,0.58589580474699
"zeller",0.770487804878049,0.774634146341463,0.924599398627429,0.924599398627429
"baxter",0.74469476744186,0.703924418604651,0.1300365265767,0.286151777880229
"hale",0.666708120880487,0.523069269991295,0.147569448928875,0.286151777880229
"flemer",0.593966059082338,0.697045883092395,0.163515301645845,0.286151777880229
