"study","auc","pvalue","BH"
"flemer","0.72959726443769","0.855269759749031","0.897258686282179"
"chen","0.728395061728395","0.897258686282179","0.897258686282179"
"sana","0.596092503987241","0.214599828306763","0.64379948492029"
"burns","0.75",NA,NA
