"study","auc","pvalue","BH"
"wang","0.765722049689441","0.172928290253223","0.518784870759669"
"weir","0.589285714285714","0.624508250484222","0.624508250484222"
"zeller","0.780731707317073","0.101002809157472","0.518784870759669"
"baxter","0.703803294573643","0.613984148530246","0.624508250484222"
"hale","0.623367740330805","0.551340784509425","0.624508250484222"
"flemer","0.734129478315525","0.413148216544899","0.624508250484222"
"ahn","0.678509154315606",NA,NA
