"study","auc","pvalue","BH"
"wang","0.659937888198758","0.15786616660858","0.189439399930296"
"ahn","0.642981691368788","0.113024932488436","0.189439399930296"
"zeller","0.788617886178862","0.629690406354009","0.629690406354009"
"baxter","0.667972972972973","0.156831475601248","0.189439399930296"
"hale","0.584296600736364","0.0496486177700967","0.189439399930296"
"flemer","0.630421118793212","0.117139734549584","0.189439399930296"
"weir","0.857142857142857",NA,NA
