"study","auc","pvalue","BH"
"burns","0.666666666666667","0.980014100593125","0.980014100593125"
"dejea","0.653846153846154","0.916575261093331","0.980014100593125"
"geng","0.671875",NA,NA
