"study","auc","pvalue","BH"
"wang","0.694487577639752","0.285788562896363","0.342946275475636"
"weir","0.857142857142857","0.555605879007802","0.555605879007802"
"ahn","0.683685701830863","0.155865313264724","0.250271803107766"
"baxter","0.695494186046512","0.166847868738511","0.250271803107766"
"hale","0.578037557517722","0.0134832979279185","0.0808997875675112"
"flemer","0.634192331866751","0.0832169824418344","0.249650947325503"
"zeller","0.774634146341463",NA,NA
