"study","auc","pvalue","BH"
"wang","0.699340062111801","0.346708077200409","0.469230432653073"
"weir","0.785714285714286","0.132022455340814","0.396067366022442"
"zeller","0.76506868516961","0.0258271674728334","0.154963004837"
"baxter","0.688513513513514","0.272221419439382","0.469230432653073"
"hale","0.589519650655022","0.469230432653073","0.469230432653073"
"flemer","0.688874921433061","0.413194692289372","0.469230432653073"
"ahn","0.635407585004359",NA,NA
