"study","auc","pvalue","BH"
"wang","0.68264751552795","0.858408593934091","0.858408593934091"
"weir","0.535714285714286","0.442764106641777","0.664146159962666"
"ahn","0.618951612903226","0.246685144725553","0.664146159962666"
"zeller","0.760975609756098","0.423993438235783","0.664146159962666"
"baxter","0.681734496124031","0.818044508098451","0.858408593934091"
"hale","0.614227086183311","0.356620886303381","0.664146159962666"
"flemer","0.697045883092395",NA,NA
