"study","auc","pvalue","BH"
"burns","0.666666666666667","0.983017217169365","0.983017217169365"
"geng","0.703125","0.812118103645333","0.983017217169365"
"dejea","0.662721893491124",NA,NA
