"study","auc","pvalue","BH"
"dejea","0.686390532544379","0.00263620210989315","0.00527240421978629"
"geng","0.8515625","0.142315550588425","0.142315550588425"
"burns","1",NA,NA
