"study","auc","pvalue","BH"
"wang","0.707492236024845","0.182675568190768","0.659452995254057"
"weir","0.410714285714286","0.353535338450132","0.659452995254057"
"ahn","0.567731037489102","0.712289745848265","0.712289745848265"
"zeller","0.663170731707317","0.439635330169371","0.659452995254057"
"baxter","0.627010658914729","0.668283199398657","0.712289745848265"
"flemer","0.523884349465745","0.434490097177448","0.659452995254057"
"hale","0.596256684491979",NA,NA
