"study","auc","pvalue","BH"
"dejea","0.541420118343195","7.05544122494337e-05","0.000141108824498867"
"geng","0.6015625","0.00748305353859943","0.00748305353859943"
"burns","1",NA,NA
