"study","auc","pvalue","BH"
"wang","0.686141304347826","0.571107240827417","0.773236201821877"
"weir","0.464285714285714","0.24109247659495","0.723277429784849"
"ahn","0.690006538796861","0.533067825807191","0.773236201821877"
"zeller","0.708780487804878","0.773236201821877","0.773236201821877"
"baxter","0.707267441860465","0.710786347972794","0.773236201821877"
"hale","0.551237408282552","0.0438570557482987","0.263142334489792"
"flemer","0.730986800754243",NA,NA
