"study","auc","pvalue","BH"
"wang","0.65333850931677","0.158689661858497","0.190427594230196"
"weir","0.553571428571429","0.293327291265431","0.293327291265431"
"ahn","0.600479511769834","0.00769602514745393","0.0230880754423618"
"zeller","0.837118026352677","0.0411250469718768","0.0616875704578152"
"hale","0.527228358592345","0.00653150214382415","0.0230880754423618"
"flemer","0.584538026398492","0.0285458085755906","0.0570916171511812"
"baxter","0.737972972972973",NA,NA
