"study","auc","pvalue","BH"
"wang","0.561723602484472","0.920333775818638","0.953679771691855"
"weir","0.785714285714286","0.178172512437794","0.953679771691855"
"ahn","0.562336530078466","0.91522569039757","0.953679771691855"
"zeller","0.556209700028035","0.873858303380903","0.953679771691855"
"baxter","0.566475225225225","0.953679771691855","0.953679771691855"
"flemer","0.548397234443746","0.810805724854774","0.953679771691855"
"hale","0.570896480863088",NA,NA
