"study","auc","pvalue","BH"
"burns","0.566666666666667","0.0115403646034368","0.0173105469051553"
"flemer","0.495668693009118","3.1277015351772e-06","9.38310460553161e-06"
"chen","0.611111111111111","0.171785027351429","0.171785027351429"
"sana","0.814593301435407",NA,NA
