"study","auc","pvalue","BH"
"burns","0.555555555555556","0.75635179647267","0.853575507883908"
"geng","0.609375","0.853575507883908","0.853575507883908"
"dejea","0.644970414201183",NA,NA
