"study","auc","pvalue","BH"
"burns","0.45","0.0968799774458182","0.0968799774458182"
"flemer","0.484650455927052","0.0962291878948383","0.0968799774458182"
"sana","0.446172248803828","0.0591851431391697","0.0968799774458182"
"chen","0.716049382716049",NA,NA
