"optimum_lambdas","pvalues"
2.025,1.82871219956191e-05
6.05,4.1200722707742e-07
9.95,1.95077593501802e-08
