taxa,auc,study
Dorea,0.5,burns
Weissella,0.5,burns
Blautia,0.4083333333333334,burns
Dorea,0.365317083247263,flemer
Weissella,0.5,flemer
Blautia,0.35514356537905395,flemer
Dorea,0.2222222222222222,chen
Weissella,0.5,chen
Blautia,0.4444444444444444,chen
Dorea,0.3943381180223286,sana
Weissella,0.5,sana
Blautia,0.4792663476874003,sana
