"optimum_lambdas","pvalues"
1.05,0.945254047199658
2.525,0.740696611047861
3.925,0.758651775145318
