"optimum_lambdas","pvalues"
2.725,0.00646310110153978
4.175,0.0610341869241405
4.925,0.304749629865397
