"act_mean_auc","act_sd_auc","rand_mean_auc","rand_sd_auc","pvalue","study"
0.24125,0.287719503381788,0.246875,0.248952191822308,0.882620784174417,"burns"
0.455405328798186,0.118705825317554,0.528161848072562,0.117792008958549,2.17207786522862e-05,"dejea"
0.2021875,0.136934601432379,0.30234375,0.130565325012593,3.1775148295855e-07,"geng"
