"act_mean_auc","act_sd_auc","rand_mean_auc","rand_sd_auc","pvalue","study"
0.178333333333333,0.324595059823702,0.149166666666667,0.259038355864924,0.483340952060005,"burns"
0.41325,0.0941028805745896,0.517194444444444,0.0756252721450036,2.8129342893327e-15,"dejea"
0.119,0.116997366801069,0.24475,0.104101191543652,8.97759831830084e-14,"geng"
