act_mean_auc,act_sd_auc,rand_mean_auc,rand_sd_auc,pvalue,study
0.28875,0.2493330750687367,0.353125,0.28940887485257655,0.09355856650918802,burns
0.6085218253968254,0.09662688434053097,0.4906136621315193,0.10662914782988614,3.217456732886268e-14,dejea
0.40734375,0.14987393100245552,0.30765625,0.11899013383125213,4.946850542512289e-7,geng
