"optimum_lambdas","pvalues"
-1.7,0.469174754662978
0.1,0.803873797207905
1.45,0.69254558509335
