"rr","ci_lb","ci_ub","pvalue","measure"
1.20824964647683,0.944811838621683,1.54514068149388,0.131668116183482,"Fusobacterium"
1.40723307712082,1.08221540473639,1.8298620816854,0.0107834966264837,"Peptostreptococcus"
1.19992559907746,0.736799152888647,1.95415730009533,0.463885612069165,"Porphyromonas"
1.40802318758584,1.06929014702483,1.85406112858661,0.0148049983641854,"Parvimonas"
1.12378853968861,0.867871903057399,1.45516945241162,0.376073259448833,"all_four"
1.05849815126005,0.724460751427163,1.54655491551993,0.768863735109667,"total_four"
