"rr","ci_lb","ci_ub","pvalue","measure"
1.93716417939736,1.46728567905545,2.55751494852451,3.0867374922926e-06,"Fusobacterium"
2.63843146432825,2.21084492911701,3.14871500043994,5.63510480702583e-27,"Peptostreptococcus"
1.78412333833465,1.50969383706171,2.10843815364947,1.09336095047233e-11,"Porphyromonas"
2.02266441491776,1.64641996728915,2.48488928502901,1.97051072675272e-11,"Parvimonas"
