"rr","ci_lb","ci_ub","pvalue","measure"
1.80395595984399,0.961048133560988,3.38615412840832,0.0663128568845103,"Fusobacterium"
1.32327943847407,0.437556366239379,4.00192662567794,0.619826333251152,"Peptostreptococcus"
1.63788164304012,0.901800844340267,2.97477685172312,0.105126583312424,"Porphyromonas"
1.30345624743577,0.653181333682562,2.60111258752692,0.452175792065767,"Parvimonas"
1.52635305491245,0.782501479984403,2.97731532506112,0.21478859229182,"all_four"
1.83257157739475,0.899455434205828,3.73372427199831,0.0952885117361891,"total_four"
