"rr","ci_lb","ci_ub","pvalue","measure"
1.2900426725538,1.00361755022221,1.65821143386868,0.0467946745280531,"Fusobacterium"
1.35889730767312,1.05093776536268,1.75709918670967,0.0193418951608697,"Peptostreptococcus"
1.13779823793248,0.76118516820395,1.70074889044,0.529055660343551,"Porphyromonas"
1.42437156386865,1.07863074690594,1.88093502598302,0.0126476551368811,"Parvimonas"
