"rr","ci_lb","ci_ub","pvalue","measure"
1.34322801271352,1.06793150704892,1.68949177192471,0.0116817374864218,"Fusobacterium"
1.41370479954906,1.12959186999469,1.76927730568513,0.00249053207320136,"Peptostreptococcus"
1.32986238754525,1.03911990943898,1.70195369537514,0.0235228593254345,"Porphyromonas"
1.36666017716782,1.07789071369139,1.73279166072409,0.00989992553587169,"Parvimonas"
