"rr","ci_lb","ci_ub","pvalue","measure"
1.93716417939736,1.46728567905545,2.55751494852451,3.0867374922926e-06,"Fusobacterium"
2.63843146432825,2.21084492911701,3.14871500043994,5.63510480702583e-27,"Peptostreptococcus"
1.78412333833465,1.50969383706171,2.10843815364947,1.09336095047233e-11,"Porphyromonas"
2.02266441491776,1.64641996728915,2.48488928502901,1.97051072675272e-11,"Parvimonas"
2.40567946694128,1.9986167876859,2.89564949785282,1.67594201868725e-20,"all_four"
2.27733481352763,1.80531655669886,2.87276701344186,3.79066076075798e-12,"total_four"
