"rr","ci_lb","ci_ub","pvalue","measure"
1.88372088137596,0.940156230927438,3.7742709585953,0.0741109396378783,"Fusobacterium"
1.24861719044433,0.422571115413854,3.68942606677269,0.687926296947293,"Peptostreptococcus"
1.89912965976295,1.13617302911451,3.17442270866282,0.0144039193121689,"Porphyromonas"
1.08815283418931,0.553919702769933,2.1376321958456,0.806281315934081,"Parvimonas"
