rr,ci_lb,ci_ub,pvalue,measure
1.1457224078622297,0.8412475012324468,1.5603967131605374,0.38806693805101633,one_counts
1.2978621215315689,0.9214393809291526,1.8280595787081277,0.1357497166760512,two_counts
1.3950282313861369,0.9827388027374625,1.9802858714272549,0.06252560756721277,three_counts
1.9386804144109215,1.4514117187152058,2.5895352095872024,7.382406450011992e-6,four_counts
