rr,ci_lb,ci_ub,pvalue,measure
1.4712492898733778,1.011678024868024,2.1395883074907087,0.043308019188341845,one_counts
2.135340882790233,1.5609361432665272,2.9211192945878337,2.082459963295159e-6,two_counts
2.451329468372179,1.9500144100398629,3.081523978269982,1.5785854779103216e-14,three_counts
2.8339439845717305,2.1541456895800133,3.7282708159150184,9.787008762053406e-14,four_counts
