"act_mean_auc","act_sd_auc","rand_mean_auc","rand_sd_auc","pvalue","study"
0.796155833333333,0.0209974767837727,0.5809375,0.0293011554813473,2.50190478629627e-120,"wang"
0.458052721088435,0.01704196167015,0.501630725623583,0.0139117883568506,3.9511122154626e-48,"ahn"
0.754095,0.0244012848436348,0.436475,0.0313321546361149,1.89846355225123e-146,"zeller"
0.725196623093682,0.0129558078918634,0.469086192810457,0.0230574818624368,3.94762570046894e-141,"baxter"
0.591412455673759,0.0368566321762255,0.537621564716312,0.0337813629799038,NA,"hale"
0.619972916666667,0.0306037649844254,0.568833333333333,0.0361307371880659,1.44277625482876e-21,"flemer"
