"pvalue","study"
"0.608006632589231","wang"
"0.179749420441469","weir"
"0.877780386666458","ahn"
"0.920894173815103","zeller"
"0.678491866151656","baxter"
"0.555213531968724","hale"
"0.316000339484539","flemer"
