"study","pvalue","bh"
"weir",NA,NA
"ahn",1,1
"baxter",0.916443847013148,1
"wang",0.557063780746977,1
"zeller",0.255106420664456,1
"flemer",1,1
