"act_mean_auc","act_sd_auc","rand_mean_auc","rand_sd_auc","pvalue","study"
0.904163333333333,0.0134923489147299,0.400310833333333,0.0377247434017866,1.45462615740989e-132,"wang"
0.517395833333333,0.177068199739554,0.8190625,0.180322638958817,4.30039562211782e-25,"weir"
0.710950170068027,0.0159686942624162,0.468993083900227,0.0229928923566596,2.26078649224078e-146,"ahn"
0.79581,0.0241132408406333,0.28677,0.0403587710918012,8.23568802301075e-153,"zeller"
0.764740604575163,0.0119904604629513,0.464923202614379,0.0185850826939044,1.52510604677777e-174,"baxter"
0.500057180851064,0.0336387323326741,0.530945811170213,0.0318911638110517,2.59992541748349e-10,"hale"
0.666883333333333,0.0297014453483332,0.564589583333333,0.0410513857619056,3.74117697817377e-48,"flemer"
