"study","pvalue","bh"
"wang",0.537844235748779,0.789750544100604
"zeller",0.0312265654293214,0.0936796962879642
"baxter",0.0917230793309181,0.183446158661836
"weir",1,1
"ahn",0.00568411336354204,0.0341046801812522
"flemer",0.65812545341717,0.789750544100604
