"act_mean_auc","act_sd_auc","rand_mean_auc","rand_sd_auc","pvalue","study"
0.676064166666667,0.015179545790624,0.546333333333333,0.028078800751232,1.17796983413534e-83,"wang"
0.595498866213152,0.00554596267275705,0.510349206349206,0.00421865595292987,1.01755611589375e-178,"ahn"
0.74623,0.0138796086167275,0.50162,0.0274882086750231,2.81760670125965e-122,"zeller"
0.687724537037037,0.00358466365683409,0.522494825708061,0.0140816731661397,2.2795055674965e-117,"baxter"
0.5,0,0.5,0,NA,"hale"
0.588629166666667,0.0197135326389702,0.533027083333333,0.0240581465518285,1.28610112536047e-42,"flemer"
