"study","pvalue","bh"
"wang",0.0569474305898397,0.102199467332494
"weir",1,1
"ahn",0.00354554805291362,0.0248188363703953
"zeller",0.0312265654293214,0.102199467332494
"baxter",0.0583996956185681,0.102199467332494
"flemer",1,1
"hale",0.0745167110642632,0.104323395489969
