"study","pvalue","bh"
"dejea",1,1
"sana",0.02547191645775,0.063679791144375
"burns",0.674922600619195,0.843653250773994
"chen",0.576470588235294,0.843653250773994
"flemer",6.61624645486033e-13,3.30812322743016e-12
