"study","pvalue","bh"
"dejea",1,1
"sana",0.02547191645775,0.063679791144375
"burns",0.674922600619195,0.843653250773994
"chen",0.346935417523653,0.578225695872755
"flemer",1.92638791701986e-13,9.6319395850993e-13
