"study","pvalue","bh"
"dejea",1,1
"sana",0.0276089908369817,0.0690224770924543
"burns",0.674922600619195,0.843653250773994
"chen",0.576470588235294,0.843653250773994
"flemer",1.92638791701986e-13,9.6319395850993e-13
