taxa,pvalue,bh
Coprococcus,0.08303788102600705,0.15604442964952372
Anaerostipes,0.13003702470793643,0.15604442964952372
Dorea,0.33865257487499434,0.33865257487499434
Mogibacterium,0.11086993686282741,0.15604442964952372
Blautia,0.08365566663891649,0.15604442964952372
Lachnospiraceae_unclassified,0.052813268623636604,0.15604442964952372
