act_mean_auc,act_sd_auc,rand_mean_auc,rand_sd_auc,pvalue,study
0.41391666666666665,0.11644432275997961,0.40525,0.1360036423804184,0.6288937781381425,burns
0.8943069908814589,0.013611867581387552,0.49528267477203647,0.04332186313779333,1.2476037797576275e-109,flemer
0.7327375,0.13564592423424907,0.34925625,0.11600239376094876,4.050289043775198e-53,chen
