taxa,pvalue,bh
Dorea,0.2573934334867132,0.2573934334867132
Weissella,0.03688128262383469,0.055321923935752026
Blautia,0.032936591181229824,0.055321923935752026
