taxa,pvalue,bh
Dorea,0.33865257487499434,0.33865257487499434
Weissella,0.07618488737884246,0.12548349995837474
Blautia,0.08365566663891649,0.12548349995837474
