act_mean_auc,act_sd_auc,rand_mean_auc,rand_sd_auc,pvalue,study
0.536,0.10911643921241798,0.5784166666666667,0.11216104317980881,0.007305351565432308,burns
0.58980625,0.12095587748292407,0.2941375,0.12738509813165003,5.149100449909923e-40,chen
0.6121550151975684,0.007140773991602796,0.5076762917933131,0.02033980659093419,5.0842255045096595e-82,flemer
0.5052220394736842,0.05125769864456335,0.5080205108359133,0.06447046296871436,0.7344084259319593,sana
