"act_mean_auc","act_sd_auc","rand_mean_auc","rand_sd_auc","pvalue","study"
0.714583333333333,0.115271692671328,0.587916666666667,0.112119008191097,2.17927832926627e-13,"burns"
0.64665625,0.105320817268902,0.32025,0.128445567805545,1.03129418493651e-47,"chen"
0.95884726443769,0.00751006088468654,0.514369300911854,0.0341493113712084,6.23797357387063e-120,"flemer"
0.672313273993808,0.0427684285101274,0.451500096749226,0.0777437802972188,8.1369289901959e-56,"sana"
