act_mean_auc,act_sd_auc,rand_mean_auc,rand_sd_auc,pvalue,study
0.7955,0.07223601266940795,0.5595,0.1215951544828778,6.037168712702887e-37,burns
0.8559384498480244,0.01646668691094066,0.5193548632218845,0.037903491129172094,1.0611076234822965e-116,flemer
0.676,0.1212745666563141,0.53178125,0.1487508852946663,2.174240779032235e-12,chen
0.6629508513931889,0.05934377363688655,0.44023655185758515,0.06965063872657797,9.555069153134128e-61,sana
