"act_mean_auc","act_sd_auc","rand_mean_auc","rand_sd_auc","pvalue","study"
0.684833333333333,0.111868504457521,0.587916666666667,0.111975019009397,4.84736101000123e-09,"burns"
0.957348024316109,0.00750989969510516,0.525662613981763,0.0373356269335762,2.78566416052722e-113,"flemer"
0.65286875,0.112295060772622,0.34215625,0.122805367400251,2.07532053387208e-45,"chen"
0.669165054179567,0.0404878268106434,0.455901219040248,0.0642257613990932,3.69607245601415e-65,"sana"
