"optimum_lambdas","pvalues"
0.7,0.832698509484532
2.7,0.434657585142272
4.775,0.761771453891622
