"optimum_lambdas","pvalues"
-0.35,0.747168692580622
-5.075,0.41542828288339
-3.125,0.756010640390836
