"optimum_lambdas","pvalues"
0.225,0.920193607307293
3.025,0.481562452186979
4.3,0.359938324854468
